{"name":"a053ac27-0e76-4f0f-be78-a18ae64f1b59","id":"/providers/Microsoft.Flow/flows/a053ac27-0e76-4f0f-be78-a18ae64f1b59","type":"Microsoft.Flow/flows","properties":{"apiId":"/providers/Microsoft.PowerApps/apis/shared_logicflows","displayName":"StudentMgtNotification","definition":{"metadata":{"workflowEntityId":null,"processAdvisorMetadata":null,"flowclientsuspensionreason":"None","flowclientsuspensiontime":null,"creator":{"id":"89e2338d-3ccb-42f0-abdb-f7d70647c238","type":"User","tenantId":"ba4a3e48-196c-4399-a0b4-d00b85e44d71"},"provisioningMethod":"FromDefinition","failureAlertSubscription":true,"clientLastModifiedTime":"2022-03-01T02:21:37.9275817Z"},"$schema":"https://schema.management.azure.com/providers/Microsoft.Logic/schemas/2016-06-01/workflowdefinition.json#","contentVersion":"1.0.0.0","parameters":{"$connections":{"defaultValue":{},"type":"Object"},"$authentication":{"defaultValue":{},"type":"SecureObject"}},"triggers":{"manual":{"metadata":{"operationMetadataId":"a71b54d2-f88e-4bb4-a340-c5e9bfd02446"},"type":"Request","kind":"PowerAppV2","inputs":{"schema":{"type":"object","properties":{"text":{"title":"FirstCourse","type":"string","x-ms-dynamically-added":true,"description":"Please enter your input","x-ms-content-hint":"TEXT"},"text_1":{"title":"SecondCourse","type":"string","x-ms-dynamically-added":true,"description":"Please enter your input","x-ms-content-hint":"TEXT"},"text_2":{"title":"ThirdCourse","type":"string","x-ms-dynamically-added":true,"description":"Please enter your input","x-ms-content-hint":"TEXT"},"number":{"title":"ID","type":"number","x-ms-dynamically-added":true,"description":"Please enter a number","x-ms-content-hint":"NUMBER"}},"required":["text","text_1","text_2","number"]}}}},"actions":{"Send_an_email":{"runAfter":{"Update_item":["Succeeded"]},"metadata":{"operationMetadataId":"787415b5-fe90-4350-8934-03eec56be1a9"},"type":"OpenApiConnection","inputs":{"host":{"apiId":"/providers/Microsoft.PowerApps/apis/shared_office365","connectionName":"shared_office365","operationId":"SendEmailV2"},"parameters":{"emailMessage/To":"@{outputs('Update_item')?['body/StudentEmail/Email']}:@{outputs('Update_item')?['body/Author/Email']}","emailMessage/Subject":"Course Registration Successful","emailMessage/Body":"<p></p>"},"authentication":{"value":"@json(decodeBase64(triggerOutputs().headers['X-MS-APIM-Tokens']))['$ConnectionKey']","type":"Raw"}}},"Var_FirstCourse":{"runAfter":{},"metadata":{"operationMetadataId":"c5e9d5b0-61b5-4ecd-bacb-4bce18e09484"},"type":"InitializeVariable","inputs":{"variables":[{"name":"Var_FirstCourse","type":"string","value":"@triggerBody()['text']"}]}},"Var_SecondCourse":{"runAfter":{"Var_FirstCourse":["Succeeded"]},"metadata":{"operationMetadataId":"b33dfd5e-5164-4ef4-ace9-09196575abff"},"type":"InitializeVariable","inputs":{"variables":[{"name":"Var_SecondCourse","type":"string","value":"@triggerBody()['text_2']"}]}},"Var_ThirdCourse":{"runAfter":{"Var_SecondCourse":["Succeeded"]},"metadata":{"operationMetadataId":"695679c1-1a73-4129-aada-5e7fb793a548"},"type":"InitializeVariable","inputs":{"variables":[{"name":"Var_ThirdCourse","type":"string","value":"@triggerBody()['text_2']"}]}},"Get_item":{"runAfter":{"Var_ID":["Succeeded"]},"metadata":{"operationMetadataId":"aeb10ee4-e01b-4322-afc0-f22fc8f64d3b"},"type":"OpenApiConnection","inputs":{"host":{"apiId":"/providers/Microsoft.PowerApps/apis/shared_sharepointonline","connectionName":"shared_sharepointonline","operationId":"GetItem"},"parameters":{"dataset":"https://oluwatobi.sharepoint.com/sites/Retrial-AutomatedRequest","table":"d6bdcd7a-e0f3-4014-abcb-afbae1b8a606","id":"@variables('Var_ID')"},"authentication":{"value":"@json(decodeBase64(triggerOutputs().headers['X-MS-APIM-Tokens']))['$ConnectionKey']","type":"Raw"}}},"Var_ID":{"runAfter":{"Var_ThirdCourse":["Succeeded"]},"metadata":{"operationMetadataId":"9c4878e7-9c3e-4336-880c-b7a4d2bccd49"},"type":"InitializeVariable","inputs":{"variables":[{"name":"Var_ID","type":"integer","value":"@triggerBody()['number']"}]}},"Update_item":{"runAfter":{"Get_item":["Succeeded"]},"metadata":{"operationMetadataId":"0f404c47-29cd-45f7-80dc-c07dbb4687c9"},"type":"OpenApiConnection","inputs":{"host":{"apiId":"/providers/Microsoft.PowerApps/apis/shared_sharepointonline","connectionName":"shared_sharepointonline","operationId":"PatchItem"},"parameters":{"dataset":"https://oluwatobi.sharepoint.com/sites/Retrial-AutomatedRequest","table":"8d3f3df4-e05c-454e-9291-fec7999408f2","id":"@variables('Var_ID')","item/Title":"@outputs('Get_item')?['body/Title']"},"authentication":{"value":"@json(decodeBase64(triggerOutputs().headers['X-MS-APIM-Tokens']))['$ConnectionKey']","type":"Raw"}}}},"outputs":{},"description":"Add a new items into a SharePoint list and then send an email when a button or link in Power Apps is selected."},"connectionReferences":{"shared_office365":{"connectionName":"shared-office365-3569a8d1-ecf0-4fce-8547-0bea2f828e91","source":"Invoker","id":"/providers/Microsoft.PowerApps/apis/shared_office365","tier":"NotSpecified"},"shared_sharepointonline":{"connectionName":"9a082d20c8844798b50f41a2d7dda80a","source":"Invoker","id":"/providers/Microsoft.PowerApps/apis/shared_sharepointonline","tier":"NotSpecified"}},"flowFailureAlertSubscribed":false}}