{"schemaVersion":"1.0","appDefinitionTemplate":{"id":"/providers/Microsoft.PowerApps/apps/","type":"Microsoft.PowerApps/apps","tags":{"primaryDeviceWidth":"1366","primaryDeviceHeight":"768","sienaVersion":"20220301T103726Z-3.22022.23.0","deviceCapabilities":"","supportsPortrait":"true","supportsLandscape":"true","primaryFormFactor":"Tablet","publisherVersion":"3.22022.23","minimumRequiredApiVersion":"2.2.0","hasComponent":"false","hasUnlockedComponent":"false","isUnifiedRootApp":"false"},"properties":{"appVersion":"2022-03-01T10:37:26Z","lifeCycleId":"Published","createdByClientVersion":{"major":3,"minor":22022,"build":23,"revision":0,"majorRevision":0,"minorRevision":0},"minClientVersion":{"major":3,"minor":22022,"build":23,"revision":0,"majorRevision":0,"minorRevision":0},"backgroundColor":"rgba(9, 33, 98, 1)","backgroundImageUri":"/11479298399456916321/N9c99bbca-b352-4005-8022-15290f6d4b8d-logoSmallFile","displayName":"Student Management App","description":"","commitMessage":"","appUris":{"documentUri":{"value":"/11479298399456916321/N94bcd514-85bc-4d6c-9715-638e4561ce80-document.msapp"},"imageUris":[]},"createdTime":"0001-01-01T00:00:00Z","lastModifiedTime":"0001-01-01T00:00:00Z","sharedGroupsCount":0,"sharedUsersCount":0,"icons":{"smallIconUri":"/11479298399456916321/Nb29b513c-8a0c-4144-82f4-98ced10982ec-small.png","mediumIconUri":"/11479298399456916321/N5cfc49c0-67d8-4c80-b355-ff3ba1e42c70-medium.png","largeIconUri":"/11479298399456916321/Nb9d58650-bcfe-4ba3-abfc-74109f2574a4-large.png","wideIconUri":"/11479298399456916321/Ne4e9937c-1e3c-4972-85b4-dceff5b46a99-wide.png"},"connectionReferences":{"06c64eb1-ae51-46a2-bd55-b5482976a780":{"id":"11ecc806-78b1-40f4-b185-c84ceedd730c","displayName":"SharePoint","iconUri":"https://connectoricons-prod.azureedge.net/releases/v1.0.1550/1.0.1550.2686/sharepointonline/icon.png","dataSources":["CourseLecturer","CourseLevel","CourseSemester","CourseStudentTable","CourseTable","CourseGender"],"dependencies":[],"dependents":["0745ceac-1845-4cae-9eec-bf175302380d"],"parameterHints":{},"parameterHintsV2":{},"isOnPremiseConnection":false,"bypassConsent":false,"dataSets":{"https://oluwatobi.sharepoint.com/sites/Retrial-AutomatedRequest":{"dataSources":{"CourseLecturer":{"tableName":"bef87ee7-a438-4bc4-8a49-af57e5ed13b9"},"CourseLevel":{"tableName":"baa7d1a1-a0b5-493a-abf4-e4e472a927ac"},"CourseSemester":{"tableName":"f7de45ce-8031-4e46-9d02-ae6b5cf82afe"},"CourseStudentTable":{"tableName":"8d3f3df4-e05c-454e-9291-fec7999408f2"},"CourseTable":{"tableName":"d6bdcd7a-e0f3-4014-abcb-afbae1b8a606"},"CourseGender":{"tableName":"4c0c74d5-0e4f-4236-b4f3-2200afe345f9"}}}},"apiTier":"Standard","isCustomApiConnection":false,"actions":["providers/PowerPlatform.Governance/Operations/Read","providers/PowerPlatform.Governance/Operations/Write"]},"7d99520e-ce1e-4b27-bdce-497c643d550e":{"id":"dcd72653-1c34-4064-9cc2-41fe82ab2cc7","displayName":"Office 365 Outlook","iconUri":"https://connectoricons-prod.azureedge.net/releases/v1.0.1538/1.0.1538.2621/office365/icon.png","dataSources":["Office365Outlook"],"dependencies":[],"dependents":["0745ceac-1845-4cae-9eec-bf175302380d"],"parameterHints":{},"parameterHintsV2":{},"isOnPremiseConnection":false,"bypassConsent":false,"dataSets":{},"apiTier":"Standard","isCustomApiConnection":false,"actions":["SendEmailV2"]},"a557909d-3360-4091-b671-a8fbe4684808":{"id":"35ef5f70-4f8a-4640-81ac-d1a885293628","displayName":"Office 365 Users","iconUri":"https://connectoricons-prod.azureedge.net/releases/v1.0.1551/1.0.1551.2693/office365users/icon.png","dataSources":["Office365Users"],"dependencies":[],"dependents":[],"parameterHints":{},"parameterHintsV2":{},"isOnPremiseConnection":false,"bypassConsent":false,"dataSets":{},"apiTier":"Standard","isCustomApiConnection":false},"0745ceac-1845-4cae-9eec-bf175302380d":{"id":"46604f24-799a-4da6-bc71-9c24a5da6ae7","displayName":"Logic flows","iconUri":"https://connectoricons-prod.azureedge.net/releases/v1.0.1534/1.0.1534.2605/logicflows/icon.png","dataSources":["StudentMgtNotification"],"dependencies":["7d99520e-ce1e-4b27-bdce-497c643d550e","06c64eb1-ae51-46a2-bd55-b5482976a780"],"dependents":[],"parameterHints":{"workflowName":{"value":"4cc0ef90-4c7e-412f-9631-b9044d39ab4f"},"workflowEntityId":{},"7d99520e-ce1e-4b27-bdce-497c643d550e":{"value":"shared_office365"},"06c64eb1-ae51-46a2-bd55-b5482976a780":{"value":"shared_sharepointonline"}},"parameterHintsV2":{"workflowName":{"value":"4cc0ef90-4c7e-412f-9631-b9044d39ab4f"},"workflowEntityId":{},"shared_office365":{"value":"7d99520e-ce1e-4b27-bdce-497c643d550e"},"shared_sharepointonline":{"value":"06c64eb1-ae51-46a2-bd55-b5482976a780"}},"isOnPremiseConnection":false,"bypassConsent":false,"dataSets":{},"apiTier":"Standard","isCustomApiConnection":false}},"authorizationReferences":[{"resourceId":"powerbi"}],"databaseReferences":{},"almMode":"Environment","performanceOptimizationEnabled":true,"canConsumeAppPass":true,"executionRestrictions":{"isTeamsOnly":false,"dataLossPreventionEvaluationResult":{"status":"Compliant","lastEvaluationDate":"2022-02-26T08:27:23.331868Z","violations":[],"violationsByPolicy":[],"violationErrorMessage":"The app uses the following connectors: ."}}},"appType":"ClassicCanvasApp","appComponents":[]}}