{"schemaVersion":"1.0","appDefinitionTemplate":{"id":"/providers/Microsoft.PowerApps/apps/","type":"Microsoft.PowerApps/apps","tags":{"primaryDeviceWidth":"1366","primaryDeviceHeight":"768","sienaVersion":"20211223T100238Z-3.21115.37.0","deviceCapabilities":"","supportsPortrait":"true","supportsLandscape":"true","primaryFormFactor":"Tablet","publisherVersion":"3.21115.37","minimumRequiredApiVersion":"2.2.0","hasComponent":"false","hasUnlockedComponent":"false","isUnifiedRootApp":"false"},"properties":{"appVersion":"2021-12-23T10:02:38Z","lifeCycleId":"Published","createdByClientVersion":{"major":3,"minor":21115,"build":37,"revision":0,"majorRevision":0,"minorRevision":0},"minClientVersion":{"major":3,"minor":21115,"build":37,"revision":0,"majorRevision":0,"minorRevision":0},"backgroundColor":"rgba(9, 33, 98, 1)","backgroundImageUri":"/14856016453838839156/N4f7b16ca-825c-494c-8ad1-d5cb5870a2ec-logoSmallFile","displayName":"Apply  For Leave","description":"A Demo for an interview","commitMessage":"","appUris":{"documentUri":{"value":"/14856016453838839156/N71c5ea3f-102c-4b33-bb0a-2c053eb0acd6-document.msapp"},"imageUris":[]},"createdTime":"0001-01-01T00:00:00Z","lastModifiedTime":"0001-01-01T00:00:00Z","sharedGroupsCount":0,"sharedUsersCount":0,"icons":{"smallIconUri":"/14856016453838839156/Na2eee4ce-faf6-4444-ae27-03600055da93-small.png","mediumIconUri":"/14856016453838839156/Nbb605035-e438-4e5c-af55-eacc48fc3976-medium.png","largeIconUri":"/14856016453838839156/N8b8f13f4-e115-43a0-8bcb-b340d79e7f6a-large.png","wideIconUri":"/14856016453838839156/Nf58955e4-d836-44c8-8634-0b4a459b1870-wide.png"},"connectionReferences":{"ab34b233-71fb-41e7-80ec-3d142d22ec9e":{"id":"11ecc806-78b1-40f4-b185-c84ceedd730c","displayName":"SharePoint","iconUri":"https://connectoricons-prod.azureedge.net/releases/v1.0.1539/1.0.1539.2620/sharepointonline/icon.png","dataSources":["Leave Request","Approval List"],"dependencies":[],"dependents":[],"parameterHints":{},"parameterHintsV2":{},"isOnPremiseConnection":false,"bypassConsent":false,"dataSets":{"https://oluwatobi.sharepoint.com/sites/Retrial-AutomatedRequest":{"dataSources":{"Leave Request":{"tableName":"63a6d8dc-52e7-4ee3-867a-d30e1f629e2f"},"Approval List":{"tableName":"879821f7-ced2-4d30-bedb-01dc782c6d27"}}}},"apiTier":"Standard","isCustomApiConnection":false,"actions":["providers/PowerPlatform.Governance/Operations/Read","providers/PowerPlatform.Governance/Operations/Write"]},"ddcbbc6f-7aeb-4033-ba38-3bb3dbfe45e2":{"id":"35ef5f70-4f8a-4640-81ac-d1a885293628","displayName":"Office 365 Users","iconUri":"https://connectoricons-prod.azureedge.net/releases/v1.0.1542/1.0.1542.2635/office365users/icon.png","dataSources":["Office365Users"],"dependencies":[],"dependents":[],"parameterHints":{},"parameterHintsV2":{},"isOnPremiseConnection":false,"bypassConsent":false,"dataSets":{},"apiTier":"Standard","isCustomApiConnection":false,"actions":["MyProfileV2"]}},"databaseReferences":{},"almMode":"Environment","performanceOptimizationEnabled":true,"canConsumeAppPass":true,"executionRestrictions":{"isTeamsOnly":false,"dataLossPreventionEvaluationResult":{"status":"Compliant","lastEvaluationDate":"2021-10-15T00:31:53.1344218Z","violations":[],"violationsByPolicy":[],"violationErrorMessage":"The app uses the following connectors: shared_sharepointonline, shared_office365users."}}},"appType":"ClassicCanvasApp","appComponents":[]}}